SUBJECT,SP,Start,End,Length
A,1,2232.3666670000002,2240.3583329999997,7.991666
A,2,2256.3666670000002,2264.3583329999997,7.991666
A,3,2280.3666670000002,2288.3666670000002,
A,4,2301.7,2308.3583329999997,6.658333
A,5,2321.7,2328.3583329999997,6.658333
A,6,2341.7,2348.35,6.65
A,7,2361.7,2368.35,6.65
A,8,2381.7,2388.3583329999997,6.658333
A,9,2401.7,2408.3583329999997,6.658333
A,10,2421.7,2428.35,6.65
A,11,2441.7,2448.3583329999997,6.658333
A,12,2461.7,2468.341667,6.641667
A,13,2481.7,2488.35,6.65
A,14,2501.7,2508.3583329999997,6.658333
A,15,2521.7,2528.333333,6.633333
A,16,2541.7,2548.3583329999997,6.658333
A,17,2561.7,2568.3583329999997,6.658333
A,18,2581.7,2588.3583329999997,6.658333
A,19,2601.7,2608.3583329999997,6.658333
A,20,2621.7,2628.3583329999997,6.658333
B,1,6839.0,6846.975,7.975
B,2,6863.0,6870.975,7.975
B,3,6887.0,6894.991667,7.991667
B,4,6908.35,6915.008333,6.658333
B,5,6928.366667,6935.0,6.633333
B,6,6948.5,6955.058333,6.558333
B,7,6968.35,6974.983333,6.633333
B,8,6988.35,6994.991667,6.641667
B,9,7008.35,7014.983333,6.633333
B,10,7028.416667,7034.991667,6.575
B,11,7048.333333,7055.0,6.6666669999999995
B,12,7068.333333,7074.991667,6.658334
B,13,7088.333333,7094.991667,6.658334
B,14,7108.333333,7114.975,6.641667
B,15,7128.333333,7134.975,6.641667
B,16,7148.333333,7154.991667,6.658334
B,17,7168.333333,7174.983333,6.65
B,18,7188.333333,7194.975,6.641667
B,19,7208.333333,7214.991667,6.658334
B,20,7228.333333,7234.991667,6.658334
B,21,7248.333333,7254.983333,6.65
B,22,7268.333333,7274.991667,6.658334
B,23,7288.341667000001,7295.058333,6.716666
B,24,7308.333333,7314.991667,6.658334
B,25,7328.333333,7335.0,6.6666669999999995
B,26,7348.333333,7354.991667,6.658334
B,27,7368.333333,7374.975,6.641667
B,28,7391.0,7398.991667,7.991667
B,29,7415.0,7422.983333,7.983333
C,1,527.9830000000001,536.0,8.017000000000001
C,2,552.033,560.0419999999999,8.009
C,3,576.033,584.0169999999999,7.984
C,4,612.567,626.8330000000001,14.265999999999998
C,5,655.4169999999999,669.683,14.265999999999998
C,6,698.283,712.558,14.275
C,7,741.15,755.4169999999999,14.267000000000001
C,8,783.9830000000001,798.25,14.267000000000001
C,9,826.8,841.075,14.275
C,10,869.65,883.9169999999999,14.267000000000001
C,11,912.4830000000001,926.75,14.267000000000001
C,12,955.383,969.65,14.267000000000001
C,13,998.2330000000001,1012.5,14.267000000000001
C,14,1041.083,1055.35,14.267000000000001
C,15,1083.933,1098.225,14.292
C,16,1126.7830000000001,1141.05,14.267000000000001
C,17,1169.617,1183.883,14.265999999999998
D,1,5687.066667,5695.058333,7.991666
D,2,5711.066667,5719.058333,7.991666
D,3,5735.066667,5743.066667,
D,4,5756.4,5763.058333,6.658333
D,5,5776.4,5783.058333,6.658333
D,6,5796.4,5803.058333,6.658333
D,7,5816.4,5823.058333,6.658333
D,8,5836.4,5843.058333,6.658333
D,9,5856.4,5863.058333,6.658333
D,10,5876.4,5883.058333,6.658333
D,11,5896.4,5903.058333,6.658333
D,12,5916.4,5923.07,
D,13,5936.4,5943.058333,6.658333
D,14,5956.4,5963.058333,6.658333
D,15,5976.4,5983.058333,6.658333
D,16,5996.4,6003.058333,6.658333
D,17,6016.4,6023.058333,6.658333
D,18,6036.4,6043.058333,6.658333
D,19,6056.4,6063.07,
D,20,6076.4,6083.058333,6.658333
D,21,6096.4,6103.058333,6.658333
D,22,6116.4,6123.058333,6.658333
D,23,6136.4,6143.058333,6.658333
D,24,6156.4,6163.058333,6.658333
D,25,6176.4,6183.058333,6.658333
D,26,6196.4,6203.058333,6.658333
D,27,6216.4,6223.058333,6.658333
D,28,6239.066667,6247.058333,7.991666
D,29,6263.066667,6271.058333,7.991666
D,30,6287.066667,6295.058333,7.991666
E,1,6889.026667,6897.01,7.983333
E,2,6913.026667,6921.01,
E,3,6937.017778,6945.009443999999,7.991666
E,4,6973.589722,6987.864722,14.275
E,5,7016.441111,7030.716111,14.275
E,6,7059.289167,7073.564167,14.275
E,7,7102.135556,7116.410556,14.275
E,8,7144.991111,7159.266111,14.275
E,9,7187.824167,7202.099167,14.275
E,10,7230.691389,7244.966389,14.275
E,11,7273.541111,7287.816111,14.275
E,12,7316.391389,7330.666389,14.275
E,13,7359.233333,7373.508333,14.275
E,14,7402.089722,7416.364722,14.275
E,15,7444.935278,7459.2102780000005,14.275
E,16,7487.802222,7502.060556,14.258334
E,17,7530.633333,7544.908332999999,14.275
F,1,6070.816667,6078.808333,7.991666
F,2,6094.816667,6102.808333,7.991666
F,3,6118.816667,6126.808333,7.991666
F,4,6140.1416659999995,6146.808332,
F,5,6160.15,6166.808333,6.658333
F,6,6180.15,6186.808333,6.658333
F,7,6200.15,6206.82,
F,8,6220.15,6226.808333,6.658333
F,9,6240.15,6246.808333,6.658333
F,10,6260.15,6266.808333,6.658333
F,11,6280.15,6286.808333,6.658333
F,12,6300.15,6306.808333,6.658333
F,13,6320.15,6326.808333,6.658333
F,14,6340.15,6346.808333,6.658333
F,15,6360.15,6366.808333,6.658333
F,16,6380.15,6386.808333,6.658333
F,17,6400.15,6406.808333,6.658333
F,18,6420.15,6426.808333,6.658333
F,19,6440.15,6446.8,6.65
F,20,6460.15,6466.808333,6.658333
F,21,6480.15,6486.808333,6.658333
F,22,6500.15,6506.808333,6.658333
F,23,6520.15,6526.82,
F,24,6540.15,6546.791667,6.641667
F,25,6560.15,6566.808333,6.658333
F,26,6580.15,6586.82,
F,27,6600.15,6606.808333,6.658333
F,28,6622.816667,6630.808333,7.991666
F,29,6646.816667,6654.808333,7.991666
G,1,7366.233333,7374.225,7.991667
G,2,7390.233333,7398.225,7.991667
G,3,7414.233333,7422.225,7.991667
G,4,7435.566667,7442.225,6.658333
G,5,7455.566667,7462.225,6.658333
G,6,7475.566667,7482.225,6.658333
G,7,7495.566667,7502.225,6.658333
G,8,7515.566667,7522.225,6.658333
G,9,7535.566667,7542.225,6.658333
G,10,7555.566667,7562.225,6.658333
G,11,7575.566667,7582.225,6.658333
G,12,7595.566667,7602.225,6.658333
G,13,7615.566667,7622.225,6.658333
G,14,7635.566667,7642.225,6.658333
G,15,7655.566667,7662.225,6.658333
G,16,7675.566667,7682.225,6.658333
G,17,7695.566667,7702.225,6.658333
G,18,7715.566667,7722.225,6.658333
G,19,7735.566667,7742.225,6.658333
G,20,7755.566667,7760.441667,4.875
G,21,7775.566667,7782.225,6.658333
G,22,7795.566667,7802.225,6.658333
G,23,7815.566667,7822.225,6.658333
G,24,7835.566667,7842.225,6.658333
G,25,7855.525,7862.225,6.7
G,26,7875.566667,7882.225,6.658333
G,27,7895.566667,7902.225,6.658333
G,28,7918.233333,7926.225,7.991667
G,29,7942.233333,7950.225,7.991667
G,30,7966.233333,7974.225,7.991667
H,1,767.433,775.425,7.992000000000001
H,2,791.433,799.4169999999999,7.984
H,3,815.433,823.425,7.992000000000001
H,4,852.0,866.275,14.275
H,5,894.85,909.125,14.275
H,6,937.7,951.975,14.275
H,7,980.55,994.808,14.258
H,8,1023.4,1037.667,14.267000000000001
H,9,1066.25,1080.517,14.267000000000001
H,10,1109.1,1123.358,14.258
H,11,1151.95,1166.225,14.275
H,12,1194.8,1209.067,14.267000000000001
H,13,1237.65,1251.917,14.267000000000001
H,14,1280.5,1294.775,14.275
H,15,1323.35,1337.6170000000002,14.267000000000001
H,16,1366.2,1380.45,14.25
H,17,1409.05,1423.325,14.275
I,1,4893.919167,4901.910833,7.991666
I,2,4917.933889,4925.908889,7.975
I,3,4942.051111,4949.909444,7.858333
I,4,4978.513611,4992.771944,14.258332999999999
I,5,5021.384443999999,5035.592778,14.208333999999999
I,6,5064.213889,5078.472222,14.258332999999999
I,7,5107.098333,5121.323333,14.225
I,8,5149.914167,5164.1725,14.258332999999999
I,9,5192.751389,5207.009722,14.258332999999999
I,10,5235.621389,5249.863056,14.241667000000001
I,11,5278.433333,5292.708333,14.275
I,12,5321.331944,5335.573611,14.241667000000001
I,13,5364.165556,5378.423889,14.258332999999999
I,14,5407.113889,5421.288889,14.175
I,15,5449.963889,5464.243889,
I,16,5492.697222,5506.972222,14.275
I,17,5535.558056,5549.816389,14.258332999999999
J,1,5519.933333,5527.925,7.991667
J,2,5543.933333,5551.925,7.991667
J,3,5567.933333,5575.925,7.991667
J,4,5589.266667,5595.925,6.658333
J,5,5609.266667,5615.925,6.658333
J,6,5629.266667,5635.925,6.658333
J,7,5649.266667,5655.925,6.658333
J,8,5669.266667,5675.925,6.658333
J,9,5689.266667,5695.925,6.658333
J,10,5709.266667,5715.925,6.658333
J,11,5729.266667,5735.925,6.658333
J,12,5749.266667,5755.933333,6.666666
J,13,5769.266667,5775.925,6.658333
J,14,5789.266667,5795.925,6.658333
J,15,5809.266667,5815.925,6.658333
J,16,5829.266667,5835.925,6.658333
J,17,5849.266667,5855.925,6.658333
J,18,5869.266667,5875.925,6.658333
J,19,5889.266667,5895.925,6.658333
J,20,5909.266667,5915.925,6.658333
J,21,5929.266667,5935.925,6.658333
J,22,5949.266667,5955.925,6.658333
J,23,5969.266667,5975.925,6.658333
J,24,5989.266667,5995.925,6.658333
J,25,6009.266667,6015.925,6.658333
J,26,6029.266667,6035.925,6.658333
J,27,6049.266667,6055.925,6.658333
J,28,6071.933333,6079.925,7.991667
J,29,6095.95,6103.925,7.975
J,30,6119.933333,6127.925,7.991667
K,1,96.3,104.275,7.975
K,2,120.3,128.275,7.975
K,3,144.2833333,152.275,7.991666700000001
K,4,165.6166667,172.275,6.6583333
K,5,185.66666669999998,192.275,6.6083333
K,6,205.6166667,212.275,6.6583333
K,7,225.6166667,232.28666669999998,
K,8,245.6166667,252.275,6.6583333
K,9,265.6666667,272.275,6.6083333
K,10,285.6166667,292.275,6.6583333
K,11,305.6333333,312.275,6.6416667
K,12,325.6166667,332.275,6.6583333
K,13,345.6166667,352.275,6.6583333
K,14,365.6166667,372.275,6.6583333
K,15,385.6166667,392.275,6.6583333
K,16,405.6166667,412.275,6.6583333
K,17,425.61666669999994,432.275,6.6583333
K,18,445.61666669999994,452.275,6.6583333
K,19,465.61666669999994,472.275,6.6583333
K,20,485.61666669999994,492.275,6.6583333
K,21,505.61666669999994,512.2866667,
K,22,525.6333333,532.275,6.6416667
K,23,545.6166667,552.275,6.6583333
K,24,565.6166667,572.275,6.6583333
K,25,585.6166667,592.275,6.6583333
K,26,605.6166667,612.275,6.6583333
K,27,625.6166667,632.275,6.6583333
K,28,648.2833333,656.275,7.991666700000001
K,29,672.2833333,680.275,7.991666700000001
K,30,696.2833333,704.275,7.991666700000001
L,1,4990.1525,4998.144167,7.991667
L,2,5014.155833,5022.1475,7.991667
L,3,5038.1688890000005,5046.143889,7.975
L,4,5074.718611,5088.993611,14.275
L,5,5117.613333,5131.846667,14.233334
L,6,5160.422778,5174.697778,14.275
L,7,5203.272222,5217.547222,14.275
L,8,5246.1197219999995,5260.394722,14.275
L,9,5288.966944,5303.241943999999,14.275
L,10,5331.823333,5346.093333,14.27
L,11,5374.668333,5388.943333,14.275
L,12,5417.518333,5431.793333,14.275
L,13,5460.371111,5474.646111,14.275
L,14,5503.220556,5517.495556,14.275
L,15,5546.069444,5560.344443999999,14.275
L,16,5588.917778,5603.1927780000005,14.275
L,17,5631.773889,5646.048889,14.275
L,18,5662.055832999999,5670.0475,7.991667
L,19,5686.051111,5694.051111,8.0
M,1,5878.031111,5886.0227780000005,7.991667
M,2,5902.036389,5910.028056,7.991667
M,3,5926.0375,5934.029167000001,7.991667
M,4,5962.603333,5976.878333,14.275
M,5,6005.4525,6019.7275,14.275
M,6,6048.3125,6062.579167,14.266667000000002
M,7,6091.155,6105.4216670000005,14.266667000000002
M,8,6134.001111,6148.276111,14.275
M,9,6176.855556,6191.122222,14.266666
M,10,6219.705278,6233.971944,14.266666
M,11,6262.555832999999,6276.8225,14.266667000000002
M,12,6305.406943999999,6319.673611,14.266667000000002
M,13,6348.257222,6362.523889,14.266667000000002
M,14,6391.102778,6405.377778,14.275
M,15,6433.955,6448.221667,14.266667000000002
M,16,6476.805832999999,6491.0725,14.266667000000002
M,17,6519.65,6533.924722,14.274722
M,18,6549.9325,6557.924167,7.991667
M,19,6573.935278,6581.918611,7.983333
N,1,6790.507778,6798.499444,7.991666
N,2,6814.5030560000005,6822.411389,7.908333
N,3,6838.505,6846.496667,7.991667
N,4,6875.075,6889.341667000001,14.266667000000002
N,5,6917.920833,6932.195833,14.275
N,6,6960.778056,6975.044722,14.266666
N,7,7003.626111,7017.892778,14.266667000000002
N,8,7046.476389,7060.743056,14.266667000000002
N,9,7089.326667,7103.593333,14.266666
N,10,7132.174167,7146.449167,14.275
N,11,7175.020833,7189.295833,14.275
N,12,7217.877222,7232.143889,14.266667000000002
N,13,7260.734444,7274.992778,14.258334
N,14,7303.575278,7317.841944,14.266666
N,15,7346.420833,7360.695833,14.275
N,16,7389.274722,7403.549722,14.275
N,17,7432.126389,7446.393056,14.266667000000002
N,18,7462.406389,7470.398056,7.991667
N,19,7486.400278,7494.400278,8.0
O,1,3888.021111,3896.0127780000003,7.991667
O,2,3912.0166670000003,3920.0083329999998,7.991666
O,3,3936.018889,3944.010556,7.991667
O,4,3972.5805560000003,3986.860556,
O,5,4015.440278,4029.715278,14.275
O,6,4058.2855560000003,4072.5605560000004,14.275
O,7,4101.136111,4115.411111,14.275
O,8,4143.989167,4158.264167,14.275
O,9,4186.835,4201.11,14.275
O,10,4229.6844439999995,4243.959444,14.275
O,11,4272.534444,4286.814444,
O,12,4315.39,4329.665,14.275
O,13,4358.240556000001,4372.515556,14.275
O,14,4401.086389,4415.361389,14.275
O,15,4443.940833,4458.215833,14.275
O,16,4486.7869439999995,4501.061944,14.275
O,17,4529.635833,4543.910833,14.275
O,18,4559.924443999999,4567.916111,7.991667
O,19,4583.917222,4591.917222,8.0
P,1,5157.931389,5165.9230560000005,7.991667
P,2,5181.932778,5189.924443999999,7.991666
P,3,5205.931944,5213.923611,7.991667
P,4,5242.501667,5256.776667,14.275
P,5,5285.354167,5299.629167,14.275
P,6,5328.203611,5342.478611,14.275
P,7,5371.053889,5385.328889,14.275
P,8,5413.904444,5428.179443999999,14.275
P,9,5456.751944,5471.026944,14.275
P,10,5499.604722,5513.879722,14.275
P,11,5542.45,5556.7244439999995,14.274444
P,12,5585.300556,5599.575556000001,14.275
P,13,5628.156943999999,5642.423611,14.266667000000002
P,14,5671.0,5685.275,14.275
P,15,5713.851389,5728.126389,14.275
P,16,5756.7,5770.975,14.275
P,17,5799.556111,5813.822778,14.266667000000002
P,18,5829.832778,5837.824444,7.991666
P,19,5853.8380560000005,5861.8380560000005,8.0
Q,1,6765.281111,6773.2727780000005,7.991667
Q,2,6789.283332999999,6797.275,7.991667
Q,3,6813.286667,6821.275,7.988333
Q,4,6849.85,6864.125278,14.275278
Q,5,6892.704444,6906.979444,14.275
Q,6,6935.556111,6949.822778,14.266667000000002
Q,7,6978.408056,6992.674722,14.266666
Q,8,7021.24,7035.526944,14.286944
Q,9,7064.104167,7078.379167,14.275
Q,10,7106.951389,7121.226389,14.275
Q,11,7149.806667,7164.073333,14.266666
Q,12,7192.65,7206.925,14.275
Q,13,7235.546111,7249.779444,14.233332999999998
Q,14,7278.3508329999995,7292.625833,14.275
Q,15,7321.200278,7335.475278,14.275
Q,16,7364.053611,7378.328611,14.275
Q,17,7406.903333,7421.178333,14.275
Q,18,7437.2033329999995,7445.178333,7.975
Q,19,7461.186389,7469.211389,8.025
R,1,1247.036389,1255.028056,7.991667
R,2,1271.035833,1279.0275,7.991667
R,3,1295.0305560000002,1303.022222,7.991666
R,4,1331.6077779999998,1345.874444,14.266666
R,5,1374.453611,1388.728611,14.275
R,6,1417.302778,1431.5777779999999,14.275
R,7,1460.151944,1474.426944,14.275
R,8,1503.007778,1517.274444,14.266666
R,9,1545.8577779999998,1560.124444,14.266666
R,10,1588.706667,1602.973333,14.266666
R,11,1631.5505560000001,1645.825556,14.275
R,12,1674.406111,1688.672778,14.266667000000002
R,13,1717.251111,1731.526111,14.275
R,14,1760.1002780000001,1774.3752780000002,14.275
R,15,1802.9544440000002,1817.229444,14.275
R,16,1845.805,1860.0716670000002,14.266667000000002
R,17,1888.6558329999998,1902.9225,14.266667000000002
R,18,1918.935556,1926.9272219999998,7.991666
R,19,1942.936111,1950.9277780000002,7.991667
S,1,6427.722778,6439.714444,11.991666
S,2,6443.719722,6447.711389,3.9916669999999996
S,3,6451.719167,6463.710833,11.991666
S,4,6467.723611,6471.715278,3.9916669999999996
S,5,6475.721389,6487.7130560000005,11.991667
S,6,6491.723611,6495.715278,3.9916669999999996
S,7,6500.717222,6510.708889,9.991667
S,8,6524.717778,6534.709444,9.991666
S,9,6548.717778,6558.709444,9.991666
S,10,6574.052778,6578.711111,4.658333
S,11,6594.054443999999,6598.712778,4.658334
S,12,6614.047222,6618.713889,4.6666669999999995
S,13,6634.051389,6638.709722,4.658333
S,14,6654.053889,6658.712222,4.658333
S,15,6674.050278,6678.708611,4.658333
S,16,6694.054443999999,6698.712778,4.658334
S,17,6714.054443999999,6718.712778,4.658334
S,18,6734.048889,6738.715556,4.6666669999999995
S,19,6754.054443999999,6758.712778,4.658334
S,20,6774.050833,6778.709167,4.658334
S,21,6794.047778,6798.714444,4.666666
S,22,6814.048611,6818.715278,4.6666669999999995
S,23,6834.047778,6838.714444,4.666666
S,24,6854.048889,6858.715556,4.6666669999999995
S,25,6874.054167,6878.7125,4.658333
S,26,6894.05,6898.708333,4.658333
S,27,6914.051111,6918.709444,4.658333
S,28,6934.054167,6938.7125,4.658333
S,29,6954.051944,6958.7102780000005,4.658334
S,30,6974.053056000001,6978.711389,4.658333
S,31,6994.054167,6998.7125,4.658333
S,32,7014.054443999999,7018.712778,4.658334
S,33,7034.053056000001,7038.711389,4.658333
S,34,7052.451389,7062.443056,9.991667
S,35,7076.455833,7086.4475,9.991667
S,36,7100.453611,7110.445278,9.991667
S,37,7124.4519439999995,7134.443611,9.991667
S,38,7148.454444,7158.496111,10.041667
T,1,7078.0225,7090.014167,11.991667
T,2,7094.019167,7098.010833,3.9916660000000004
T,3,7102.021667,7114.013333,11.991666
T,4,7118.0225,7122.014167,3.9916669999999996
T,5,7126.0225,7138.014167,11.991667
T,6,7142.019167,7146.010833,3.9916660000000004
T,7,7151.0227780000005,7161.0144439999995,9.991666
T,8,7175.024444,7185.016111,9.991667
T,9,7199.021389,7209.013056000001,9.991667
T,10,7222.355556,7229.013889,6.658333
T,11,7242.356944,7249.015278,6.658334
T,12,7262.353889,7269.012222,6.658333
T,13,7282.354444,7289.012778,6.658334
T,14,7302.353333,7309.011667,6.658334
T,15,7322.355,7329.013333,6.658333
T,16,7342.355278,7349.013611,6.658333
T,17,7362.3575,7369.0158329999995,6.658333
T,18,7382.3563890000005,7389.014722,6.658333
T,19,7402.356944,7409.015278,6.658334
T,20,7422.350556,7429.008889,6.658333
T,21,7442.352778,7449.011111,6.658333
T,22,7462.352778,7469.011111,6.658333
T,23,7482.357222,7489.015556,6.658334
T,24,7502.355833,7509.014167,6.658334
T,25,7522.3525,7529.010833,6.658333
T,26,7542.35,7549.008333,6.658333
T,27,7562.356944,7569.015278,6.658334
T,28,7582.3508329999995,7589.009167,6.658334
T,29,7602.351667,7609.01,6.658333
T,30,7622.353333,7629.011667,6.658334
T,31,7642.355833,7649.014167,6.658334
T,32,7662.3563890000005,7669.014722,6.658333
T,33,7682.353056,7689.011389,6.658333
T,34,7707.705833,7717.6975,9.991667
T,35,7731.706944,7741.698611,9.991667
T,36,7755.7025,7765.694167000001,9.991667
T,37,7779.700278,7789.691944,9.991666
T,38,7803.707222,7813.6905560000005,9.983334
U,1,7747.7883329999995,7759.78,11.991667
U,2,7763.786667,7767.778333,3.9916660000000004
U,3,7771.791389,7783.783056,11.991667
U,4,7787.7897219999995,7791.781389,3.9916669999999996
U,5,7795.786667,7807.778333,11.991666
U,6,7811.787222,7815.778889,3.9916669999999996
U,7,7820.785278,7830.776944,9.991666
U,8,7844.786111,7854.777778,9.991667
U,9,7868.7869439999995,7878.778611,9.991667
U,10,7892.1197219999995,7898.778056,6.658334
U,11,7912.118332999999,7918.776667,6.658334
U,12,7932.122778,7938.781111,6.658333
U,13,7952.120556,7958.778889,6.658333
U,14,7972.123611,7978.781943999999,6.658333
U,15,7992.124444,7998.782778,6.658334
U,16,8012.116667,8018.775,6.658333
U,17,8032.1219439999995,8038.780278,6.658334
U,18,8052.122778,8058.781111,6.658333
U,19,8072.120833,8078.779167000001,6.658334
U,20,8092.117778,8098.776111,6.658333
U,21,8112.118056,8118.776389,6.658333
U,22,8132.124167,8138.7825,6.658333
U,23,8152.12,8158.778333,6.658333
U,24,8172.119444,8178.777778,6.658334
U,25,8192.120556,8198.778889,6.658333
U,26,8212.118611,8218.776944,6.658333
U,27,8232.121111,8238.779444,6.658333
U,28,8252.116944,8258.775278000001,6.658334
U,29,8272.124167,8278.7825,6.658333
U,30,8292.121389,8298.779722,6.658333
U,31,8312.122778,8318.781111,6.658333
U,32,8332.122222,8338.780556,6.658334
U,33,8352.118333,8358.776667,6.658334
U,34,8375.7725,8385.764167,9.991667
U,35,8399.7675,8409.759167,9.991667
U,36,8423.773889,8433.765556,9.991667
U,37,8447.773889,8457.765556,9.991667
U,38,8471.774167,8481.765833,9.991666
V,1,958.020278,970.011944,11.991666
V,2,974.02,978.011667,3.9916669999999996
V,3,982.023611,994.015278,11.991667
V,4,998.0247220000001,1002.016389,3.9916669999999996
V,5,1006.0244439999999,1018.0161109999999,11.991667
V,6,1022.018056,1026.009722,3.9916660000000004
V,7,1031.0175,1041.009167,9.991667
V,8,1055.021111,1065.012778,9.991667
V,9,1079.018611,1089.010278,9.991667
V,10,1102.352222,1109.010556,6.658334
V,11,1122.350833,1129.009167,6.658334
V,12,1142.355,1149.013333,6.658333
V,13,1162.35,1169.016667,6.6666669999999995
V,14,1182.351667,1189.01,6.658333
V,15,1202.3530560000002,1209.011389,6.658333
V,16,1222.353333,1229.011667,6.658334
V,17,1242.3569439999999,1249.0152779999999,6.658334
V,18,1262.3577779999998,1269.016111,6.658333
V,19,1282.35,1289.016667,6.6666669999999995
V,20,1302.350278,1309.008611,6.658333
V,21,1322.351111,1329.009444,6.658333
V,22,1342.3575,1349.015833,6.658333
V,23,1362.350278,1369.008611,6.658333
V,24,1382.350833,1389.009167,6.658334
V,25,1402.354167,1409.0125,6.658333
V,26,1422.351111,1429.009444,6.658333
V,27,1442.351944,1449.010278,6.658334
V,28,1462.358056,1469.0163890000001,6.658333
V,29,1482.356389,1489.0147220000001,6.658333
V,30,1502.356667,1509.015,6.658333
V,31,1522.358056,1529.0163890000001,6.658333
V,32,1542.351944,1549.010278,6.658334
V,33,1562.3530560000002,1569.011389,6.658333
V,34,1584.153611,1594.145278,9.991667
V,35,1608.157222,1618.148889,9.991667
V,36,1632.150833,1642.1425,9.991667
V,37,1656.156667,1666.148333,9.991666
V,38,1680.1572219999998,1690.148889,9.991667
W,1,4987.9533329999995,4999.945,11.991667
W,2,5003.950278,5007.941944,3.9916660000000004
W,3,5011.956389,5023.948056,11.991667
W,4,5027.956944,5031.948611,3.9916669999999996
W,5,5035.951111,5047.9427780000005,11.991667
W,6,5051.9519439999995,5055.943611,3.9916669999999996
W,7,5060.955833,5070.9475,9.991667
W,8,5084.953889,5094.945556000001,9.991667
W,9,5108.955278,5118.946943999999,9.991666
W,10,5134.283889,5138.942222,4.658333
W,11,5154.291111,5158.949444,4.658333
W,12,5174.290833,5178.949167,4.658334
W,13,5194.290833,5198.949167,4.658334
W,14,5214.285556,5218.943889,4.658333
W,15,5234.284167,5238.9425,4.658333
W,16,5254.284444,5258.9427780000005,4.658334
W,17,5274.284167,5278.9425,4.658333
W,18,5294.285833,5298.944167000001,4.658334
W,19,5314.285556,5318.943889,4.658333
W,20,5334.290278,5338.948611,4.658333
W,21,5354.284722,5358.943056,4.658334
W,22,5374.285833,5378.944167000001,4.658334
W,23,5394.290833,5398.949167,4.658334
W,24,5414.285833,5418.944167000001,4.658334
W,25,5434.29,5438.948333,4.658333
W,26,5454.288056,5458.946389,4.658333
W,27,5474.291111,5478.949444,4.658333
W,28,5494.289167,5498.9475,4.658333
W,29,5514.286111,5518.944444,4.658333
W,30,5534.285,5538.943333,4.658333
W,31,5554.284444,5558.9427780000005,4.658334
W,32,5574.290833,5578.949167,4.658334
W,33,5594.284722,5598.943056,4.658334
W,34,5614.253611,5624.245278,9.991667
W,35,5638.2530560000005,5648.2447219999995,9.991666
W,36,5662.256389,5672.248056,9.991667
W,37,5686.257778,5696.249444,9.991666
W,38,5710.2552780000005,5720.2469439999995,9.991666
X,1,3165.020833,3177.0125,11.991667
X,2,3181.018611,3185.010278,3.9916669999999996
X,3,3189.018889,3201.0105559999997,11.991667
X,4,3205.020833,3209.0125,3.9916669999999996
X,5,3213.0191670000004,3225.010833,11.991666
X,6,3229.020556,3233.012222,3.9916660000000004
X,7,3238.022778,3248.014444,9.991666
X,8,3262.024167,3272.015833,9.991666
X,9,3286.020278,3296.0119440000003,9.991666
X,10,3309.3575,3316.015833,6.658333
X,11,3329.35,3336.0083329999998,6.658333
X,12,3349.353056,3356.0113890000002,6.658333
X,13,3369.3505560000003,3376.008889,6.658333
X,14,3389.354167,3396.0125,6.658333
X,15,3409.35,3416.0083329999998,6.658333
X,16,3429.3516670000004,3436.01,6.658333
X,17,3449.3555560000004,3456.013889,6.658333
X,18,3469.356111,3476.014444,6.658333
X,19,3489.355,3496.013333,6.658333
X,20,3509.3502780000003,3516.0086109999997,6.658333
X,21,3529.3525,3536.010833,6.658333
X,22,3549.354722,3556.0130560000002,6.658334
X,23,3569.3502780000003,3576.0086109999997,6.658333
X,24,3589.3519439999995,3596.010278,6.658334
X,25,3609.354722,3616.0130560000002,6.658334
X,26,3629.356389,3636.014722,6.658333
X,27,3649.356111,3656.014444,6.658333
X,28,3669.357778,3676.016111,6.658333
X,29,3689.357222,3696.0155560000003,6.658334
X,30,3709.354167,3716.0125,6.658333
X,31,3729.3519439999995,3736.010278,6.658334
X,32,3749.35,3756.0083329999998,6.658333
X,33,3769.355,3776.013333,6.658333
X,34,3796.738333,3806.73,9.991667
X,35,3820.7375,3830.729167,9.991667
X,36,3844.733889,3854.7255560000003,9.991667
X,37,3868.738056,3878.729722,9.991666
X,38,3892.740833,3902.7158329999997,9.975
Y,1,5489.506944,5501.498611,11.991667
Y,2,5505.5030560000005,5509.4947219999995,3.9916660000000004
Y,3,5513.503333,5525.495,11.991667
Y,4,5529.508056000001,5533.499722,3.9916660000000004
Y,5,5537.501944,5549.493611,11.991667
Y,6,5553.5030560000005,5557.4947219999995,3.9916660000000004
Y,7,5562.501944,5572.493611,9.991667
Y,8,5586.501944,5596.493611,9.991667
Y,9,5610.506389,5620.498056,9.991667
Y,10,5635.836389,5640.4947219999995,4.658333
Y,11,5655.834167,5660.4925,4.658333
Y,12,5675.840833,5680.499167,4.658334
Y,13,5695.837222,5700.495556,4.658334
Y,14,5715.838333,5720.496667,4.658334
Y,15,5735.833333,5740.491667,4.658334
Y,16,5755.8366670000005,5760.495,4.658333
Y,17,5775.840278,5780.498611,4.658333
Y,18,5795.839167,5800.4975,4.658333
Y,19,5815.837222,5820.495556,4.658334
Y,20,5835.841111,5840.499444,4.658333
Y,21,5855.835833,5860.494167,4.658334
Y,22,5875.841111,5880.499444,4.658333
Y,23,5895.8366670000005,5900.495,4.658333
Y,24,5915.833333,5920.491667,4.658334
Y,25,5935.838333,5940.496667,4.658334
Y,26,5955.838611,5960.4969439999995,4.658333
Y,27,5975.838889,5980.497222,4.658333
Y,28,5995.841389,6000.499722,4.658333
Y,29,6015.841111,6020.499444,4.658333
Y,30,6035.8380560000005,6040.496389,4.658333
Y,31,6055.838611,6060.4969439999995,4.658333
Y,32,6075.836944,6080.495278,4.658334
Y,33,6095.833611,6100.491943999999,4.658333
Y,34,6117.35,6127.341667000001,9.991667
Y,35,6141.351667,6151.343333,9.991666
Y,36,6165.353889,6175.345556,9.991667
Y,37,6189.356667,6199.348333,9.991666
Y,38,6213.3577780000005,6223.341111,9.983333
